user_id,name,age,gender,grade,learning_style,preferences,performance
1,User1,16,Female,10,Auditory,Exercises;Videos,97
2,User2,17,Female,11,Visual,Text;Exercises,77
3,User3,15,Female,8,Visual,Podcasts;Text,85
4,User4,17,Female,11,Auditory,Text;Exercises,65
5,User5,17,Female,10,Reading/Writing,Text;Exercises,63
6,User6,14,Male,8,Auditory,Videos;Interactive,88
7,User7,15,Female,10,Reading/Writing,Exercises;Videos,93
8,User8,15,Male,10,Visual,Podcasts;Text,76
9,User9,15,Female,9,Visual,Videos;Interactive,75
10,User10,17,Male,8,Reading/Writing,Videos;Interactive,61
11,User11,16,Female,9,Visual,Videos;Interactive,93
12,User12,15,Male,8,Reading/Writing,Text;Exercises,67
13,User13,17,Female,10,Kinesthetic,Exercises;Videos,72
14,User14,14,Male,10,Auditory,Exercises;Videos,67
15,User15,16,Female,11,Kinesthetic,Podcasts;Text,89
16,User16,14,Male,8,Reading/Writing,Exercises;Videos,91
17,User17,16,Female,9,Auditory,Exercises;Videos,95
18,User18,17,Male,11,Reading/Writing,Videos;Interactive,89
19,User19,13,Male,11,Auditory,Videos;Interactive,60
20,User20,16,Female,11,Auditory,Text;Exercises,98
21,User21,14,Female,9,Auditory,Videos;Interactive,76
22,User22,17,Male,11,Auditory,Videos;Interactive,79
23,User23,16,Female,9,Reading/Writing,Videos;Interactive,83
24,User24,13,Male,11,Auditory,Videos;Interactive,81
25,User25,13,Male,9,Auditory,Text;Exercises,88
26,User26,15,Male,10,Kinesthetic,Videos;Interactive,81
27,User27,15,Female,10,Visual,Podcasts;Text,68
28,User28,14,Male,10,Visual,Podcasts;Text,96
29,User29,16,Male,10,Kinesthetic,Podcasts;Text,69
30,User30,16,Female,10,Kinesthetic,Podcasts;Text,95
31,User31,15,Female,11,Reading/Writing,Videos;Interactive,96
32,User32,16,Female,11,Reading/Writing,Podcasts;Text,87
33,User33,16,Female,11,Reading/Writing,Videos;Interactive,87
34,User34,13,Male,9,Kinesthetic,Text;Exercises,80
35,User35,15,Male,9,Kinesthetic,Podcasts;Text,83
36,User36,17,Male,9,Auditory,Exercises;Videos,99
37,User37,15,Male,9,Reading/Writing,Podcasts;Text,61
38,User38,17,Female,10,Reading/Writing,Podcasts;Text,67
39,User39,13,Male,10,Reading/Writing,Videos;Interactive,86
40,User40,14,Male,10,Visual,Podcasts;Text,81
41,User41,16,Female,8,Auditory,Exercises;Videos,96
42,User42,13,Male,11,Reading/Writing,Videos;Interactive,86
43,User43,16,Male,9,Reading/Writing,Videos;Interactive,88
44,User44,14,Male,9,Reading/Writing,Text;Exercises,62
45,User45,14,Male,10,Visual,Text;Exercises,72
46,User46,13,Male,9,Visual,Podcasts;Text,69
47,User47,14,Male,9,Kinesthetic,Text;Exercises,95
48,User48,17,Female,11,Auditory,Text;Exercises,68
49,User49,14,Female,10,Kinesthetic,Text;Exercises,86
50,User50,16,Male,11,Auditory,Videos;Interactive,93
51,User51,16,Male,8,Visual,Videos;Interactive,60
52,User52,16,Female,8,Reading/Writing,Videos;Interactive,91
53,User53,16,Male,8,Kinesthetic,Text;Exercises,84
54,User54,17,Male,10,Reading/Writing,Videos;Interactive,88
55,User55,15,Male,9,Kinesthetic,Text;Exercises,66
56,User56,13,Female,10,Visual,Videos;Interactive,62
57,User57,16,Male,10,Visual,Videos;Interactive,79
58,User58,14,Female,9,Visual,Exercises;Videos,79
59,User59,16,Male,11,Kinesthetic,Podcasts;Text,89
60,User60,14,Female,8,Auditory,Text;Exercises,94
61,User61,14,Female,11,Kinesthetic,Exercises;Videos,94
62,User62,16,Male,8,Auditory,Videos;Interactive,98
63,User63,17,Female,10,Kinesthetic,Text;Exercises,86
64,User64,14,Male,8,Kinesthetic,Videos;Interactive,85
65,User65,14,Female,10,Visual,Podcasts;Text,73
66,User66,16,Male,11,Reading/Writing,Exercises;Videos,76
67,User67,14,Male,10,Reading/Writing,Podcasts;Text,77
68,User68,14,Female,11,Auditory,Exercises;Videos,88
69,User69,16,Male,9,Reading/Writing,Videos;Interactive,79
70,User70,16,Male,9,Kinesthetic,Podcasts;Text,86
71,User71,13,Female,9,Kinesthetic,Podcasts;Text,77
72,User72,17,Male,10,Visual,Videos;Interactive,63
73,User73,17,Male,9,Visual,Podcasts;Text,60
74,User74,14,Female,8,Reading/Writing,Text;Exercises,60
75,User75,17,Female,11,Auditory,Exercises;Videos,85
76,User76,14,Male,11,Reading/Writing,Exercises;Videos,79
77,User77,13,Male,8,Reading/Writing,Exercises;Videos,82
78,User78,16,Female,10,Reading/Writing,Text;Exercises,69
79,User79,16,Female,10,Reading/Writing,Exercises;Videos,70
80,User80,16,Male,11,Kinesthetic,Videos;Interactive,64
81,User81,17,Female,9,Auditory,Podcasts;Text,60
82,User82,13,Male,10,Kinesthetic,Text;Exercises,76
83,User83,17,Male,10,Auditory,Exercises;Videos,81
84,User84,17,Male,8,Visual,Videos;Interactive,93
85,User85,13,Male,8,Reading/Writing,Podcasts;Text,88
86,User86,13,Male,9,Kinesthetic,Podcasts;Text,63
87,User87,13,Female,10,Auditory,Text;Exercises,64
88,User88,13,Female,10,Visual,Text;Exercises,70
89,User89,16,Female,8,Visual,Text;Exercises,80
90,User90,15,Female,10,Reading/Writing,Videos;Interactive,94
91,User91,15,Male,11,Auditory,Videos;Interactive,71
92,User92,13,Male,8,Kinesthetic,Text;Exercises,85
93,User93,15,Male,9,Reading/Writing,Exercises;Videos,78
94,User94,15,Male,8,Kinesthetic,Podcasts;Text,66
95,User95,13,Female,10,Visual,Podcasts;Text,66
96,User96,15,Male,9,Kinesthetic,Videos;Interactive,85
97,User97,17,Male,8,Kinesthetic,Podcasts;Text,99
98,User98,14,Female,11,Reading/Writing,Exercises;Videos,64
99,User99,14,Female,11,Kinesthetic,Podcasts;Text,80
100,User100,13,Female,8,Reading/Writing,Videos;Interactive,73
101,User101,16,Female,11,Visual,Videos;Interactive,63
102,User102,13,Male,11,Reading/Writing,Exercises;Videos,82
103,User103,16,Male,11,Reading/Writing,Exercises;Videos,79
104,User104,14,Female,9,Auditory,Podcasts;Text,74
105,User105,13,Male,11,Kinesthetic,Podcasts;Text,88
106,User106,17,Male,11,Visual,Videos;Interactive,67
107,User107,15,Male,11,Reading/Writing,Exercises;Videos,78
108,User108,16,Female,9,Visual,Exercises;Videos,98
109,User109,15,Male,8,Auditory,Exercises;Videos,87
110,User110,15,Female,10,Kinesthetic,Podcasts;Text,86
111,User111,13,Male,11,Reading/Writing,Exercises;Videos,63
112,User112,15,Male,8,Kinesthetic,Videos;Interactive,74
113,User113,17,Male,11,Auditory,Videos;Interactive,94
114,User114,15,Female,9,Auditory,Podcasts;Text,96
115,User115,13,Male,8,Visual,Text;Exercises,60
116,User116,17,Female,9,Reading/Writing,Podcasts;Text,62
117,User117,14,Female,11,Visual,Text;Exercises,83
118,User118,15,Female,11,Auditory,Exercises;Videos,86
119,User119,13,Male,9,Kinesthetic,Podcasts;Text,99
120,User120,14,Male,10,Visual,Videos;Interactive,95
121,User121,14,Male,9,Visual,Exercises;Videos,93
122,User122,16,Male,11,Kinesthetic,Videos;Interactive,88
123,User123,17,Female,9,Visual,Exercises;Videos,83
124,User124,15,Female,10,Kinesthetic,Podcasts;Text,83
125,User125,13,Female,9,Reading/Writing,Text;Exercises,63
126,User126,16,Male,10,Kinesthetic,Exercises;Videos,62
127,User127,17,Female,10,Reading/Writing,Text;Exercises,93
128,User128,16,Male,9,Kinesthetic,Exercises;Videos,82
129,User129,17,Female,9,Auditory,Videos;Interactive,82
130,User130,17,Male,8,Auditory,Videos;Interactive,64
131,User131,15,Male,11,Reading/Writing,Exercises;Videos,90
132,User132,17,Female,10,Reading/Writing,Text;Exercises,65
133,User133,16,Female,8,Auditory,Podcasts;Text,96
134,User134,17,Female,9,Reading/Writing,Podcasts;Text,69
135,User135,15,Female,11,Kinesthetic,Videos;Interactive,99
136,User136,15,Male,8,Kinesthetic,Podcasts;Text,66
137,User137,16,Female,10,Auditory,Videos;Interactive,98
138,User138,14,Female,8,Visual,Podcasts;Text,97
139,User139,14,Female,10,Kinesthetic,Exercises;Videos,80
140,User140,17,Male,9,Reading/Writing,Videos;Interactive,79
141,User141,13,Male,11,Visual,Videos;Interactive,62
142,User142,17,Female,11,Visual,Exercises;Videos,81
143,User143,16,Male,11,Kinesthetic,Videos;Interactive,63
144,User144,16,Female,9,Kinesthetic,Podcasts;Text,87
145,User145,16,Male,10,Visual,Podcasts;Text,71
146,User146,16,Male,9,Visual,Videos;Interactive,97
147,User147,16,Male,11,Auditory,Podcasts;Text,95
148,User148,15,Male,9,Reading/Writing,Text;Exercises,64
149,User149,14,Female,9,Auditory,Videos;Interactive,72
150,User150,16,Female,9,Kinesthetic,Exercises;Videos,82
151,User151,13,Female,10,Auditory,Text;Exercises,89
152,User152,13,Male,8,Auditory,Videos;Interactive,96
153,User153,13,Female,8,Auditory,Exercises;Videos,84
154,User154,13,Female,9,Auditory,Podcasts;Text,86
155,User155,15,Female,8,Reading/Writing,Exercises;Videos,73
156,User156,13,Male,8,Reading/Writing,Text;Exercises,95
157,User157,16,Male,9,Visual,Podcasts;Text,98
158,User158,17,Male,9,Kinesthetic,Videos;Interactive,75
159,User159,13,Female,11,Auditory,Podcasts;Text,81
160,User160,15,Female,8,Visual,Videos;Interactive,80
161,User161,15,Female,10,Visual,Videos;Interactive,80
162,User162,13,Male,9,Visual,Exercises;Videos,67
163,User163,17,Male,11,Reading/Writing,Exercises;Videos,75
164,User164,13,Female,10,Auditory,Exercises;Videos,90
165,User165,15,Male,8,Auditory,Text;Exercises,69
166,User166,14,Male,11,Kinesthetic,Text;Exercises,91
167,User167,16,Male,9,Auditory,Exercises;Videos,93
168,User168,15,Male,10,Auditory,Text;Exercises,68
169,User169,13,Female,9,Visual,Podcasts;Text,76
170,User170,16,Male,8,Kinesthetic,Podcasts;Text,70
171,User171,13,Male,10,Auditory,Text;Exercises,91
172,User172,13,Male,8,Reading/Writing,Text;Exercises,69
173,User173,14,Male,8,Auditory,Podcasts;Text,81
174,User174,16,Female,11,Visual,Videos;Interactive,76
175,User175,16,Female,9,Reading/Writing,Podcasts;Text,63
176,User176,14,Male,10,Visual,Podcasts;Text,84
177,User177,15,Male,8,Auditory,Text;Exercises,80
178,User178,13,Male,8,Reading/Writing,Podcasts;Text,96
179,User179,17,Male,10,Kinesthetic,Text;Exercises,97
180,User180,13,Male,8,Kinesthetic,Text;Exercises,60
181,User181,13,Male,11,Reading/Writing,Exercises;Videos,84
182,User182,15,Female,11,Reading/Writing,Podcasts;Text,95
183,User183,13,Male,11,Visual,Videos;Interactive,76
184,User184,14,Female,11,Reading/Writing,Exercises;Videos,83
185,User185,14,Female,8,Visual,Text;Exercises,61
186,User186,16,Male,10,Auditory,Text;Exercises,99
187,User187,17,Female,10,Visual,Videos;Interactive,74
188,User188,13,Female,10,Reading/Writing,Text;Exercises,91
189,User189,13,Female,10,Reading/Writing,Podcasts;Text,98
190,User190,15,Female,9,Auditory,Exercises;Videos,65
191,User191,14,Female,10,Reading/Writing,Text;Exercises,60
192,User192,17,Female,9,Reading/Writing,Text;Exercises,82
193,User193,16,Male,9,Kinesthetic,Videos;Interactive,98
194,User194,14,Female,11,Kinesthetic,Podcasts;Text,76
195,User195,16,Female,9,Auditory,Text;Exercises,93
196,User196,15,Female,8,Visual,Videos;Interactive,88
197,User197,15,Male,9,Kinesthetic,Text;Exercises,68
198,User198,13,Female,11,Visual,Videos;Interactive,72
199,User199,17,Male,9,Reading/Writing,Videos;Interactive,65
200,User200,16,Female,8,Kinesthetic,Podcasts;Text,65
201,User201,14,Male,8,Auditory,Text;Exercises,79
202,User202,15,Male,8,Auditory,Podcasts;Text,62
203,User203,13,Female,11,Auditory,Videos;Interactive,76
204,User204,13,Female,11,Kinesthetic,Exercises;Videos,71
205,User205,16,Male,10,Visual,Text;Exercises,60
206,User206,15,Female,11,Reading/Writing,Exercises;Videos,76
207,User207,17,Male,8,Visual,Text;Exercises,62
208,User208,15,Male,8,Visual,Podcasts;Text,85
209,User209,16,Male,11,Reading/Writing,Podcasts;Text,74
210,User210,16,Male,9,Reading/Writing,Podcasts;Text,95
211,User211,15,Male,11,Kinesthetic,Podcasts;Text,91
212,User212,16,Female,11,Kinesthetic,Podcasts;Text,91
213,User213,15,Male,8,Kinesthetic,Exercises;Videos,63
214,User214,14,Male,10,Kinesthetic,Podcasts;Text,77
215,User215,15,Female,8,Kinesthetic,Videos;Interactive,78
216,User216,15,Male,10,Reading/Writing,Videos;Interactive,94
217,User217,16,Female,8,Visual,Exercises;Videos,99
218,User218,16,Female,11,Kinesthetic,Text;Exercises,73
219,User219,13,Female,8,Kinesthetic,Videos;Interactive,92
220,User220,13,Male,8,Visual,Text;Exercises,73
221,User221,14,Male,8,Kinesthetic,Exercises;Videos,93
222,User222,13,Male,11,Visual,Text;Exercises,63
223,User223,15,Female,11,Visual,Text;Exercises,83
224,User224,16,Male,11,Reading/Writing,Text;Exercises,88
225,User225,13,Female,11,Auditory,Text;Exercises,78
226,User226,13,Male,10,Reading/Writing,Exercises;Videos,65
227,User227,14,Female,10,Auditory,Videos;Interactive,92
228,User228,14,Male,9,Auditory,Podcasts;Text,99
229,User229,15,Male,11,Auditory,Text;Exercises,78
230,User230,16,Male,10,Kinesthetic,Videos;Interactive,60
231,User231,14,Female,8,Reading/Writing,Videos;Interactive,64
232,User232,13,Female,11,Auditory,Exercises;Videos,86
233,User233,16,Male,9,Visual,Videos;Interactive,75
234,User234,16,Male,9,Kinesthetic,Exercises;Videos,65
235,User235,13,Female,9,Reading/Writing,Text;Exercises,99
236,User236,14,Female,8,Auditory,Text;Exercises,72
237,User237,13,Female,10,Visual,Podcasts;Text,94
238,User238,16,Male,8,Reading/Writing,Podcasts;Text,78
239,User239,17,Female,11,Reading/Writing,Podcasts;Text,71
240,User240,17,Male,9,Kinesthetic,Videos;Interactive,75
241,User241,15,Female,8,Reading/Writing,Text;Exercises,69
242,User242,13,Male,8,Kinesthetic,Exercises;Videos,84
243,User243,13,Female,10,Auditory,Podcasts;Text,79
244,User244,15,Female,10,Kinesthetic,Exercises;Videos,90
245,User245,15,Female,9,Visual,Exercises;Videos,63
246,User246,15,Female,8,Kinesthetic,Podcasts;Text,82
247,User247,16,Female,8,Visual,Text;Exercises,61
248,User248,13,Male,10,Kinesthetic,Podcasts;Text,81
249,User249,16,Female,8,Reading/Writing,Exercises;Videos,96
250,User250,15,Female,8,Auditory,Podcasts;Text,67
251,User251,13,Female,8,Visual,Exercises;Videos,66
252,User252,16,Male,10,Kinesthetic,Exercises;Videos,73
253,User253,16,Female,9,Kinesthetic,Podcasts;Text,62
254,User254,15,Male,11,Kinesthetic,Videos;Interactive,75
255,User255,13,Female,9,Reading/Writing,Podcasts;Text,78
256,User256,15,Female,11,Reading/Writing,Videos;Interactive,77
257,User257,13,Male,8,Visual,Exercises;Videos,75
258,User258,17,Female,9,Visual,Exercises;Videos,67
259,User259,14,Male,11,Reading/Writing,Videos;Interactive,92
260,User260,14,Male,10,Visual,Exercises;Videos,71
261,User261,14,Female,10,Auditory,Videos;Interactive,70
262,User262,15,Male,9,Auditory,Videos;Interactive,64
263,User263,17,Female,9,Reading/Writing,Exercises;Videos,86
264,User264,13,Female,8,Visual,Text;Exercises,71
265,User265,16,Male,9,Kinesthetic,Videos;Interactive,76
266,User266,13,Male,8,Auditory,Podcasts;Text,65
267,User267,16,Male,8,Reading/Writing,Podcasts;Text,92
268,User268,13,Male,10,Visual,Exercises;Videos,64
269,User269,17,Female,10,Reading/Writing,Text;Exercises,87
270,User270,16,Female,11,Kinesthetic,Exercises;Videos,73
271,User271,15,Male,10,Auditory,Text;Exercises,64
272,User272,13,Female,10,Reading/Writing,Videos;Interactive,92
273,User273,13,Female,9,Reading/Writing,Videos;Interactive,78
274,User274,16,Female,10,Reading/Writing,Videos;Interactive,81
275,User275,15,Female,11,Kinesthetic,Videos;Interactive,64
276,User276,15,Male,9,Reading/Writing,Podcasts;Text,61
277,User277,17,Male,11,Kinesthetic,Podcasts;Text,89
278,User278,15,Female,10,Kinesthetic,Exercises;Videos,98
279,User279,15,Male,11,Kinesthetic,Text;Exercises,63
280,User280,15,Male,9,Auditory,Videos;Interactive,92
281,User281,14,Male,8,Auditory,Videos;Interactive,72
282,User282,17,Female,11,Reading/Writing,Text;Exercises,79
283,User283,13,Female,11,Reading/Writing,Text;Exercises,66
284,User284,16,Female,9,Auditory,Exercises;Videos,74
285,User285,13,Male,9,Visual,Text;Exercises,82
286,User286,17,Female,11,Auditory,Videos;Interactive,73
287,User287,16,Female,10,Kinesthetic,Videos;Interactive,82
288,User288,17,Male,11,Auditory,Videos;Interactive,78
289,User289,15,Female,9,Kinesthetic,Videos;Interactive,88
290,User290,16,Female,8,Reading/Writing,Videos;Interactive,79
291,User291,15,Male,8,Visual,Exercises;Videos,88
292,User292,13,Male,10,Reading/Writing,Videos;Interactive,83
293,User293,13,Male,11,Kinesthetic,Exercises;Videos,77
294,User294,16,Female,8,Kinesthetic,Videos;Interactive,69
295,User295,16,Female,11,Kinesthetic,Podcasts;Text,67
296,User296,17,Female,9,Visual,Podcasts;Text,85
297,User297,17,Male,8,Auditory,Podcasts;Text,88
298,User298,15,Male,10,Reading/Writing,Podcasts;Text,69
299,User299,16,Female,9,Reading/Writing,Exercises;Videos,76
300,User300,13,Female,10,Auditory,Exercises;Videos,61
301,User301,17,Male,9,Reading/Writing,Text;Exercises,65
302,User302,17,Male,8,Visual,Videos;Interactive,64
303,User303,13,Male,10,Reading/Writing,Podcasts;Text,87
304,User304,17,Male,10,Kinesthetic,Exercises;Videos,64
305,User305,15,Female,9,Auditory,Videos;Interactive,77
306,User306,16,Male,10,Visual,Videos;Interactive,85
307,User307,13,Female,9,Auditory,Exercises;Videos,79
308,User308,16,Female,9,Visual,Podcasts;Text,86
309,User309,17,Female,9,Kinesthetic,Text;Exercises,71
310,User310,17,Male,9,Auditory,Videos;Interactive,66
311,User311,13,Male,8,Reading/Writing,Text;Exercises,62
312,User312,15,Male,9,Visual,Podcasts;Text,69
313,User313,14,Male,11,Auditory,Podcasts;Text,93
314,User314,13,Female,10,Reading/Writing,Text;Exercises,84
315,User315,14,Male,11,Auditory,Podcasts;Text,94
316,User316,14,Male,8,Auditory,Videos;Interactive,75
317,User317,15,Female,11,Auditory,Text;Exercises,61
318,User318,14,Male,10,Visual,Podcasts;Text,83
319,User319,14,Female,11,Reading/Writing,Text;Exercises,69
320,User320,15,Female,8,Kinesthetic,Videos;Interactive,97
321,User321,14,Female,9,Visual,Podcasts;Text,81
322,User322,14,Female,11,Visual,Videos;Interactive,85
323,User323,14,Female,8,Visual,Podcasts;Text,98
324,User324,13,Female,8,Kinesthetic,Exercises;Videos,86
325,User325,13,Female,10,Reading/Writing,Podcasts;Text,88
326,User326,13,Female,10,Reading/Writing,Text;Exercises,97
327,User327,15,Male,11,Reading/Writing,Podcasts;Text,79
328,User328,17,Male,9,Auditory,Videos;Interactive,86
329,User329,14,Male,8,Auditory,Videos;Interactive,79
330,User330,14,Male,11,Auditory,Podcasts;Text,78
331,User331,15,Female,8,Kinesthetic,Text;Exercises,79
332,User332,14,Male,8,Auditory,Exercises;Videos,94
333,User333,13,Female,9,Kinesthetic,Text;Exercises,61
334,User334,17,Male,9,Reading/Writing,Exercises;Videos,89
335,User335,16,Male,11,Auditory,Videos;Interactive,93
336,User336,14,Male,9,Auditory,Text;Exercises,81
337,User337,13,Female,9,Visual,Exercises;Videos,62
338,User338,16,Male,11,Kinesthetic,Podcasts;Text,65
339,User339,17,Female,9,Reading/Writing,Videos;Interactive,74
340,User340,16,Female,10,Visual,Podcasts;Text,86
341,User341,13,Male,8,Visual,Videos;Interactive,69
342,User342,16,Male,8,Reading/Writing,Text;Exercises,68
343,User343,15,Male,8,Visual,Text;Exercises,92
344,User344,16,Female,8,Kinesthetic,Videos;Interactive,91
345,User345,14,Male,11,Kinesthetic,Videos;Interactive,65
346,User346,14,Female,8,Auditory,Videos;Interactive,95
347,User347,15,Female,8,Visual,Text;Exercises,61
348,User348,13,Male,8,Auditory,Exercises;Videos,88
349,User349,14,Male,8,Visual,Podcasts;Text,63
350,User350,17,Female,10,Kinesthetic,Podcasts;Text,60
351,User351,14,Female,8,Kinesthetic,Text;Exercises,78
352,User352,14,Female,10,Kinesthetic,Podcasts;Text,85
353,User353,13,Male,11,Visual,Videos;Interactive,84
354,User354,16,Female,9,Kinesthetic,Exercises;Videos,69
355,User355,14,Male,8,Visual,Podcasts;Text,74
356,User356,15,Female,9,Auditory,Exercises;Videos,81
357,User357,16,Female,9,Visual,Videos;Interactive,80
358,User358,17,Male,11,Auditory,Podcasts;Text,81
359,User359,13,Female,9,Visual,Text;Exercises,95
360,User360,17,Male,10,Auditory,Exercises;Videos,93
361,User361,16,Male,9,Kinesthetic,Videos;Interactive,89
362,User362,16,Female,9,Auditory,Exercises;Videos,84
363,User363,16,Male,9,Kinesthetic,Podcasts;Text,87
364,User364,17,Male,8,Kinesthetic,Podcasts;Text,60
365,User365,16,Female,8,Auditory,Text;Exercises,63
366,User366,17,Male,10,Visual,Videos;Interactive,66
367,User367,16,Male,10,Visual,Videos;Interactive,68
368,User368,15,Male,8,Reading/Writing,Text;Exercises,95
369,User369,16,Female,10,Visual,Text;Exercises,78
370,User370,17,Male,8,Reading/Writing,Videos;Interactive,60
371,User371,14,Female,11,Visual,Exercises;Videos,69
372,User372,16,Female,9,Visual,Exercises;Videos,95
373,User373,14,Male,9,Kinesthetic,Text;Exercises,68
374,User374,15,Male,10,Reading/Writing,Exercises;Videos,91
375,User375,13,Male,8,Visual,Videos;Interactive,91
376,User376,15,Female,8,Reading/Writing,Podcasts;Text,65
377,User377,16,Male,10,Kinesthetic,Podcasts;Text,97
378,User378,14,Male,8,Kinesthetic,Exercises;Videos,76
379,User379,14,Male,11,Reading/Writing,Text;Exercises,69
380,User380,17,Male,9,Kinesthetic,Text;Exercises,86
381,User381,14,Male,10,Auditory,Text;Exercises,94
382,User382,17,Female,10,Auditory,Text;Exercises,80
383,User383,13,Female,8,Kinesthetic,Text;Exercises,84
384,User384,16,Male,10,Auditory,Exercises;Videos,87
385,User385,17,Male,11,Visual,Podcasts;Text,74
386,User386,13,Male,8,Reading/Writing,Podcasts;Text,63
387,User387,14,Male,8,Visual,Exercises;Videos,88
388,User388,14,Female,8,Reading/Writing,Text;Exercises,68
389,User389,13,Male,8,Kinesthetic,Exercises;Videos,86
390,User390,14,Female,11,Visual,Podcasts;Text,85
391,User391,13,Female,8,Kinesthetic,Videos;Interactive,78
392,User392,17,Male,10,Kinesthetic,Exercises;Videos,87
393,User393,17,Female,11,Reading/Writing,Text;Exercises,76
394,User394,13,Female,9,Reading/Writing,Podcasts;Text,79
395,User395,17,Female,9,Reading/Writing,Podcasts;Text,99
396,User396,17,Female,10,Visual,Podcasts;Text,98
397,User397,17,Male,10,Auditory,Podcasts;Text,82
398,User398,15,Male,11,Reading/Writing,Text;Exercises,91
399,User399,16,Female,9,Reading/Writing,Videos;Interactive,92
400,User400,14,Male,9,Visual,Podcasts;Text,64
401,User401,15,Male,9,Reading/Writing,Exercises;Videos,93
402,User402,17,Male,9,Visual,Videos;Interactive,99
403,User403,13,Male,9,Kinesthetic,Podcasts;Text,70
404,User404,17,Male,8,Reading/Writing,Videos;Interactive,62
405,User405,16,Female,10,Reading/Writing,Exercises;Videos,92
406,User406,17,Male,8,Kinesthetic,Podcasts;Text,70
407,User407,13,Male,9,Kinesthetic,Exercises;Videos,75
408,User408,16,Male,11,Kinesthetic,Text;Exercises,77
409,User409,17,Male,11,Reading/Writing,Podcasts;Text,89
410,User410,16,Female,9,Auditory,Podcasts;Text,69
411,User411,14,Female,9,Auditory,Podcasts;Text,77
412,User412,14,Female,11,Auditory,Podcasts;Text,97
413,User413,17,Female,8,Reading/Writing,Text;Exercises,78
414,User414,16,Male,8,Kinesthetic,Podcasts;Text,95
415,User415,13,Female,9,Reading/Writing,Videos;Interactive,72
416,User416,17,Male,8,Kinesthetic,Podcasts;Text,62
417,User417,14,Male,11,Reading/Writing,Text;Exercises,69
418,User418,14,Male,8,Reading/Writing,Podcasts;Text,97
419,User419,17,Male,9,Kinesthetic,Videos;Interactive,60
420,User420,16,Male,11,Auditory,Text;Exercises,86
421,User421,14,Female,8,Kinesthetic,Text;Exercises,67
422,User422,16,Female,10,Visual,Videos;Interactive,76
423,User423,14,Female,11,Visual,Videos;Interactive,68
424,User424,14,Female,11,Kinesthetic,Videos;Interactive,65
425,User425,15,Male,10,Reading/Writing,Videos;Interactive,84
426,User426,14,Female,10,Visual,Videos;Interactive,98
427,User427,13,Male,11,Visual,Text;Exercises,87
428,User428,17,Female,10,Reading/Writing,Text;Exercises,92
429,User429,17,Male,9,Reading/Writing,Podcasts;Text,96
430,User430,16,Male,9,Auditory,Podcasts;Text,68
431,User431,14,Female,9,Reading/Writing,Exercises;Videos,77
432,User432,13,Male,11,Kinesthetic,Podcasts;Text,80
433,User433,16,Male,10,Kinesthetic,Podcasts;Text,61
434,User434,15,Female,10,Auditory,Videos;Interactive,97
435,User435,16,Male,8,Visual,Videos;Interactive,99
436,User436,16,Female,8,Visual,Podcasts;Text,95
437,User437,14,Female,10,Reading/Writing,Exercises;Videos,96
438,User438,15,Female,10,Kinesthetic,Videos;Interactive,74
439,User439,16,Male,10,Visual,Podcasts;Text,87
440,User440,13,Male,11,Auditory,Podcasts;Text,77
441,User441,13,Male,10,Auditory,Text;Exercises,93
442,User442,17,Female,8,Kinesthetic,Exercises;Videos,81
443,User443,15,Male,11,Auditory,Text;Exercises,70
444,User444,15,Female,10,Auditory,Exercises;Videos,72
445,User445,17,Female,8,Kinesthetic,Videos;Interactive,63
446,User446,16,Male,11,Reading/Writing,Exercises;Videos,81
447,User447,15,Female,10,Reading/Writing,Podcasts;Text,66
448,User448,13,Male,10,Auditory,Podcasts;Text,83
449,User449,13,Male,10,Reading/Writing,Exercises;Videos,63
450,User450,14,Male,11,Reading/Writing,Exercises;Videos,87
451,User451,15,Male,8,Auditory,Exercises;Videos,74
452,User452,16,Male,8,Reading/Writing,Text;Exercises,60
453,User453,17,Female,9,Auditory,Exercises;Videos,62
454,User454,17,Female,10,Visual,Videos;Interactive,73
455,User455,16,Female,9,Kinesthetic,Text;Exercises,97
456,User456,14,Male,9,Kinesthetic,Text;Exercises,60
457,User457,17,Male,8,Reading/Writing,Exercises;Videos,97
458,User458,15,Male,11,Reading/Writing,Videos;Interactive,97
459,User459,14,Female,11,Reading/Writing,Text;Exercises,80
460,User460,15,Male,8,Kinesthetic,Podcasts;Text,88
461,User461,13,Female,11,Visual,Text;Exercises,64
462,User462,14,Female,9,Visual,Exercises;Videos,69
463,User463,17,Male,10,Kinesthetic,Videos;Interactive,87
464,User464,14,Male,8,Visual,Exercises;Videos,80
465,User465,14,Female,10,Kinesthetic,Podcasts;Text,66
466,User466,14,Male,11,Visual,Podcasts;Text,62
467,User467,14,Female,10,Auditory,Podcasts;Text,79
468,User468,15,Male,11,Auditory,Exercises;Videos,78
469,User469,13,Male,11,Kinesthetic,Text;Exercises,94
470,User470,16,Female,9,Visual,Exercises;Videos,63
471,User471,14,Male,11,Reading/Writing,Videos;Interactive,64
472,User472,17,Female,9,Visual,Text;Exercises,60
473,User473,14,Male,9,Auditory,Podcasts;Text,63
474,User474,17,Female,9,Auditory,Exercises;Videos,71
475,User475,15,Female,8,Visual,Podcasts;Text,86
476,User476,17,Male,8,Visual,Podcasts;Text,82
477,User477,16,Female,11,Reading/Writing,Videos;Interactive,84
478,User478,13,Male,9,Reading/Writing,Text;Exercises,80
479,User479,17,Male,8,Visual,Videos;Interactive,83
480,User480,17,Male,9,Visual,Videos;Interactive,84
481,User481,13,Female,10,Visual,Videos;Interactive,91
482,User482,16,Female,10,Visual,Podcasts;Text,91
483,User483,14,Male,10,Kinesthetic,Videos;Interactive,64
484,User484,17,Male,11,Visual,Videos;Interactive,95
485,User485,13,Female,9,Reading/Writing,Text;Exercises,98
486,User486,15,Male,10,Auditory,Text;Exercises,75
487,User487,13,Male,8,Kinesthetic,Videos;Interactive,92
488,User488,15,Female,10,Visual,Text;Exercises,80
489,User489,16,Male,10,Auditory,Text;Exercises,68
490,User490,14,Female,10,Kinesthetic,Videos;Interactive,65
491,User491,13,Male,11,Auditory,Podcasts;Text,94
492,User492,17,Female,8,Visual,Videos;Interactive,98
493,User493,16,Male,9,Visual,Text;Exercises,81
494,User494,13,Male,8,Reading/Writing,Podcasts;Text,64
495,User495,17,Female,9,Visual,Exercises;Videos,82
496,User496,13,Male,11,Visual,Podcasts;Text,76
497,User497,15,Female,11,Kinesthetic,Text;Exercises,71
498,User498,13,Male,11,Reading/Writing,Podcasts;Text,82
499,User499,13,Female,11,Kinesthetic,Videos;Interactive,75
500,User500,13,Female,9,Auditory,Exercises;Videos,62
501,User501,16,Female,10,Visual,Exercises;Videos,89
502,User502,13,Female,9,Auditory,Exercises;Videos,81
503,User503,17,Male,8,Kinesthetic,Text;Exercises,68
504,User504,15,Male,11,Visual,Text;Exercises,88
505,User505,15,Female,11,Visual,Exercises;Videos,96
506,User506,13,Female,8,Kinesthetic,Podcasts;Text,82
507,User507,16,Female,9,Kinesthetic,Exercises;Videos,72
508,User508,16,Male,10,Kinesthetic,Podcasts;Text,91
509,User509,17,Male,10,Kinesthetic,Podcasts;Text,82
510,User510,13,Male,8,Kinesthetic,Text;Exercises,76
511,User511,15,Male,10,Visual,Podcasts;Text,99
512,User512,16,Female,9,Kinesthetic,Exercises;Videos,80
513,User513,13,Female,9,Visual,Text;Exercises,61
514,User514,16,Female,8,Visual,Videos;Interactive,96
515,User515,16,Male,9,Kinesthetic,Videos;Interactive,65
516,User516,15,Male,11,Kinesthetic,Text;Exercises,77
517,User517,14,Male,8,Reading/Writing,Exercises;Videos,89
518,User518,17,Female,9,Visual,Videos;Interactive,81
519,User519,17,Female,8,Kinesthetic,Videos;Interactive,92
520,User520,15,Male,10,Kinesthetic,Podcasts;Text,89
521,User521,16,Female,9,Kinesthetic,Podcasts;Text,76
522,User522,13,Male,11,Reading/Writing,Exercises;Videos,91
523,User523,16,Male,9,Reading/Writing,Text;Exercises,73
524,User524,15,Female,8,Auditory,Exercises;Videos,69
525,User525,17,Male,8,Visual,Text;Exercises,95
526,User526,16,Female,9,Auditory,Videos;Interactive,93
527,User527,17,Male,11,Kinesthetic,Podcasts;Text,68
528,User528,13,Female,11,Reading/Writing,Exercises;Videos,87
529,User529,17,Female,11,Reading/Writing,Exercises;Videos,70
530,User530,17,Female,8,Auditory,Text;Exercises,73
531,User531,14,Male,9,Reading/Writing,Text;Exercises,98
532,User532,14,Male,10,Kinesthetic,Exercises;Videos,78
533,User533,14,Female,8,Reading/Writing,Text;Exercises,74
534,User534,17,Female,11,Auditory,Exercises;Videos,87
535,User535,15,Male,9,Kinesthetic,Exercises;Videos,83
536,User536,17,Male,11,Auditory,Exercises;Videos,67
537,User537,15,Male,10,Reading/Writing,Videos;Interactive,68
538,User538,15,Female,11,Auditory,Text;Exercises,92
539,User539,14,Male,11,Auditory,Podcasts;Text,92
540,User540,16,Male,10,Visual,Podcasts;Text,78
541,User541,13,Female,9,Reading/Writing,Text;Exercises,62
542,User542,14,Male,8,Reading/Writing,Exercises;Videos,69
543,User543,14,Male,9,Auditory,Podcasts;Text,99
544,User544,16,Male,10,Visual,Podcasts;Text,60
545,User545,13,Female,11,Reading/Writing,Text;Exercises,88
546,User546,17,Female,9,Kinesthetic,Podcasts;Text,93
547,User547,17,Female,8,Auditory,Exercises;Videos,72
548,User548,14,Female,10,Reading/Writing,Text;Exercises,60
549,User549,13,Female,9,Kinesthetic,Exercises;Videos,93
550,User550,14,Female,8,Reading/Writing,Podcasts;Text,88
551,User551,15,Female,10,Kinesthetic,Podcasts;Text,72
552,User552,14,Male,8,Auditory,Exercises;Videos,88
553,User553,14,Male,10,Reading/Writing,Videos;Interactive,98
554,User554,17,Female,11,Reading/Writing,Podcasts;Text,83
555,User555,17,Male,9,Visual,Videos;Interactive,85
556,User556,17,Male,8,Auditory,Podcasts;Text,76
557,User557,15,Female,10,Kinesthetic,Videos;Interactive,66
558,User558,17,Male,8,Reading/Writing,Videos;Interactive,72
559,User559,13,Male,8,Reading/Writing,Videos;Interactive,64
560,User560,16,Male,9,Kinesthetic,Exercises;Videos,85
561,User561,13,Male,11,Auditory,Videos;Interactive,62
562,User562,13,Male,8,Visual,Videos;Interactive,66
563,User563,17,Female,10,Visual,Videos;Interactive,98
564,User564,16,Female,10,Reading/Writing,Podcasts;Text,60
565,User565,16,Female,11,Kinesthetic,Videos;Interactive,76
566,User566,16,Male,10,Reading/Writing,Podcasts;Text,84
567,User567,15,Female,11,Kinesthetic,Videos;Interactive,62
568,User568,17,Male,10,Visual,Videos;Interactive,74
569,User569,16,Male,9,Auditory,Exercises;Videos,88
570,User570,15,Male,8,Kinesthetic,Podcasts;Text,91
571,User571,14,Male,9,Visual,Videos;Interactive,85
572,User572,14,Female,8,Reading/Writing,Podcasts;Text,75
573,User573,15,Female,8,Kinesthetic,Podcasts;Text,84
574,User574,15,Male,8,Auditory,Text;Exercises,87
575,User575,17,Female,9,Reading/Writing,Exercises;Videos,68
576,User576,17,Male,8,Reading/Writing,Exercises;Videos,60
577,User577,14,Female,9,Visual,Exercises;Videos,88
578,User578,16,Female,11,Kinesthetic,Text;Exercises,81
579,User579,14,Male,10,Reading/Writing,Text;Exercises,75
580,User580,16,Female,10,Auditory,Exercises;Videos,66
581,User581,16,Male,8,Kinesthetic,Text;Exercises,73
582,User582,17,Female,9,Auditory,Text;Exercises,88
583,User583,13,Male,10,Reading/Writing,Text;Exercises,78
584,User584,13,Male,9,Auditory,Exercises;Videos,78
585,User585,15,Female,9,Visual,Exercises;Videos,61
586,User586,17,Female,8,Auditory,Exercises;Videos,74
587,User587,16,Male,10,Kinesthetic,Text;Exercises,62
588,User588,13,Female,8,Auditory,Exercises;Videos,70
589,User589,16,Female,8,Auditory,Text;Exercises,89
590,User590,13,Male,10,Visual,Videos;Interactive,99
591,User591,13,Male,10,Auditory,Text;Exercises,77
592,User592,13,Female,11,Auditory,Podcasts;Text,61
593,User593,17,Male,11,Reading/Writing,Exercises;Videos,91
594,User594,14,Male,9,Reading/Writing,Exercises;Videos,67
595,User595,16,Male,10,Kinesthetic,Podcasts;Text,81
596,User596,17,Female,11,Reading/Writing,Text;Exercises,65
597,User597,17,Female,9,Reading/Writing,Videos;Interactive,71
598,User598,17,Male,9,Reading/Writing,Podcasts;Text,99
599,User599,17,Female,9,Reading/Writing,Podcasts;Text,95
600,User600,17,Male,11,Visual,Text;Exercises,74
601,User601,15,Female,10,Reading/Writing,Exercises;Videos,87
602,User602,16,Male,8,Visual,Text;Exercises,77
603,User603,17,Male,9,Visual,Podcasts;Text,61
604,User604,16,Female,11,Reading/Writing,Podcasts;Text,72
605,User605,15,Male,11,Auditory,Exercises;Videos,74
606,User606,15,Female,8,Visual,Exercises;Videos,79
607,User607,16,Female,8,Auditory,Exercises;Videos,88
608,User608,13,Male,11,Auditory,Text;Exercises,88
609,User609,14,Male,10,Reading/Writing,Exercises;Videos,62
610,User610,13,Female,8,Kinesthetic,Podcasts;Text,78
611,User611,13,Male,11,Reading/Writing,Podcasts;Text,62
612,User612,13,Male,8,Kinesthetic,Videos;Interactive,73
613,User613,17,Male,10,Kinesthetic,Text;Exercises,99
614,User614,15,Male,9,Reading/Writing,Videos;Interactive,63
615,User615,13,Male,8,Reading/Writing,Podcasts;Text,70
616,User616,15,Female,10,Kinesthetic,Videos;Interactive,90
617,User617,16,Female,11,Reading/Writing,Podcasts;Text,91
618,User618,14,Male,8,Kinesthetic,Videos;Interactive,86
619,User619,16,Male,8,Auditory,Exercises;Videos,89
620,User620,16,Male,11,Reading/Writing,Videos;Interactive,61
621,User621,17,Female,9,Auditory,Exercises;Videos,68
622,User622,14,Male,11,Visual,Exercises;Videos,87
623,User623,16,Female,8,Auditory,Text;Exercises,90
624,User624,16,Female,11,Auditory,Exercises;Videos,93
625,User625,14,Female,10,Kinesthetic,Exercises;Videos,74
626,User626,14,Male,11,Auditory,Videos;Interactive,84
627,User627,16,Female,8,Reading/Writing,Podcasts;Text,95
628,User628,14,Male,11,Kinesthetic,Text;Exercises,67
629,User629,16,Female,9,Visual,Exercises;Videos,68
630,User630,16,Male,11,Reading/Writing,Text;Exercises,96
631,User631,17,Female,9,Visual,Videos;Interactive,98
632,User632,13,Male,10,Auditory,Exercises;Videos,91
633,User633,16,Female,9,Reading/Writing,Videos;Interactive,76
634,User634,15,Male,11,Reading/Writing,Text;Exercises,94
635,User635,13,Male,8,Visual,Videos;Interactive,96
636,User636,13,Male,9,Reading/Writing,Text;Exercises,78
637,User637,13,Male,10,Reading/Writing,Videos;Interactive,88
638,User638,17,Female,9,Reading/Writing,Text;Exercises,66
639,User639,16,Female,9,Auditory,Podcasts;Text,87
640,User640,17,Male,9,Visual,Videos;Interactive,68
641,User641,16,Female,10,Reading/Writing,Videos;Interactive,87
642,User642,17,Male,11,Kinesthetic,Podcasts;Text,65
643,User643,17,Male,9,Kinesthetic,Podcasts;Text,88
644,User644,15,Female,9,Kinesthetic,Videos;Interactive,76
645,User645,17,Male,8,Kinesthetic,Podcasts;Text,75
646,User646,14,Male,10,Auditory,Exercises;Videos,82
647,User647,15,Female,9,Reading/Writing,Text;Exercises,90
648,User648,17,Male,10,Visual,Text;Exercises,62
649,User649,13,Male,9,Reading/Writing,Text;Exercises,80
650,User650,14,Male,11,Auditory,Exercises;Videos,85
651,User651,14,Male,11,Kinesthetic,Podcasts;Text,95
652,User652,14,Female,9,Auditory,Podcasts;Text,96
653,User653,15,Female,11,Reading/Writing,Videos;Interactive,81
654,User654,17,Female,9,Visual,Podcasts;Text,71
655,User655,17,Male,11,Auditory,Videos;Interactive,72
656,User656,13,Male,8,Visual,Exercises;Videos,70
657,User657,13,Female,8,Auditory,Text;Exercises,75
658,User658,14,Male,8,Visual,Text;Exercises,67
659,User659,13,Male,10,Visual,Text;Exercises,99
660,User660,15,Male,10,Kinesthetic,Podcasts;Text,99
661,User661,17,Male,8,Visual,Videos;Interactive,61
662,User662,14,Female,10,Kinesthetic,Videos;Interactive,89
663,User663,13,Female,11,Reading/Writing,Exercises;Videos,89
664,User664,15,Female,9,Reading/Writing,Podcasts;Text,71
665,User665,15,Male,9,Kinesthetic,Exercises;Videos,69
666,User666,13,Female,9,Kinesthetic,Videos;Interactive,70
667,User667,17,Female,8,Auditory,Videos;Interactive,74
668,User668,13,Male,10,Auditory,Text;Exercises,75
669,User669,14,Male,11,Auditory,Podcasts;Text,76
670,User670,13,Female,11,Reading/Writing,Videos;Interactive,85
671,User671,15,Female,8,Auditory,Text;Exercises,61
672,User672,13,Female,11,Visual,Podcasts;Text,71
673,User673,17,Female,11,Visual,Exercises;Videos,85
674,User674,16,Male,11,Auditory,Podcasts;Text,82
675,User675,13,Female,11,Visual,Podcasts;Text,77
676,User676,17,Female,10,Reading/Writing,Videos;Interactive,91
677,User677,17,Male,11,Visual,Videos;Interactive,97
678,User678,15,Female,9,Reading/Writing,Podcasts;Text,62
679,User679,17,Male,8,Kinesthetic,Videos;Interactive,97
680,User680,17,Male,10,Kinesthetic,Videos;Interactive,62
681,User681,17,Male,11,Kinesthetic,Videos;Interactive,89
682,User682,17,Female,10,Kinesthetic,Text;Exercises,60
683,User683,14,Female,11,Visual,Text;Exercises,89
684,User684,14,Male,9,Auditory,Podcasts;Text,91
685,User685,15,Female,8,Visual,Videos;Interactive,87
686,User686,13,Female,11,Reading/Writing,Text;Exercises,80
687,User687,17,Male,11,Visual,Podcasts;Text,72
688,User688,13,Male,11,Visual,Videos;Interactive,86
689,User689,13,Female,11,Reading/Writing,Exercises;Videos,95
690,User690,15,Male,8,Kinesthetic,Videos;Interactive,66
691,User691,17,Female,8,Kinesthetic,Videos;Interactive,81
692,User692,17,Female,9,Kinesthetic,Text;Exercises,69
693,User693,16,Female,8,Auditory,Podcasts;Text,98
694,User694,13,Female,11,Reading/Writing,Podcasts;Text,74
695,User695,13,Male,9,Reading/Writing,Text;Exercises,74
696,User696,14,Male,9,Visual,Videos;Interactive,63
697,User697,16,Male,9,Auditory,Exercises;Videos,91
698,User698,14,Male,11,Kinesthetic,Videos;Interactive,82
699,User699,14,Female,10,Auditory,Videos;Interactive,65
700,User700,14,Female,11,Reading/Writing,Exercises;Videos,83
701,User701,15,Male,8,Reading/Writing,Text;Exercises,79
702,User702,15,Female,8,Visual,Podcasts;Text,96
703,User703,14,Female,11,Visual,Text;Exercises,79
704,User704,16,Female,11,Reading/Writing,Text;Exercises,71
705,User705,13,Male,9,Kinesthetic,Videos;Interactive,92
706,User706,16,Male,11,Kinesthetic,Podcasts;Text,87
707,User707,17,Male,9,Auditory,Podcasts;Text,67
708,User708,15,Female,8,Reading/Writing,Text;Exercises,60
709,User709,13,Male,9,Reading/Writing,Exercises;Videos,96
710,User710,13,Male,11,Kinesthetic,Text;Exercises,81
711,User711,17,Male,8,Kinesthetic,Exercises;Videos,65
712,User712,17,Male,10,Reading/Writing,Podcasts;Text,80
713,User713,14,Male,9,Visual,Text;Exercises,91
714,User714,15,Male,8,Reading/Writing,Videos;Interactive,94
715,User715,15,Female,9,Reading/Writing,Text;Exercises,74
716,User716,16,Female,8,Kinesthetic,Podcasts;Text,64
717,User717,14,Male,8,Kinesthetic,Videos;Interactive,65
718,User718,14,Male,9,Visual,Videos;Interactive,84
719,User719,14,Female,10,Visual,Exercises;Videos,99
720,User720,14,Female,8,Auditory,Videos;Interactive,88
721,User721,15,Male,8,Reading/Writing,Videos;Interactive,66
722,User722,15,Male,8,Kinesthetic,Text;Exercises,99
723,User723,14,Male,10,Visual,Podcasts;Text,72
724,User724,16,Male,10,Auditory,Exercises;Videos,97
725,User725,13,Female,11,Auditory,Text;Exercises,77
726,User726,13,Male,9,Kinesthetic,Videos;Interactive,61
727,User727,16,Male,10,Kinesthetic,Videos;Interactive,67
728,User728,14,Male,9,Auditory,Exercises;Videos,70
729,User729,15,Male,11,Visual,Podcasts;Text,92
730,User730,13,Female,9,Auditory,Exercises;Videos,97
731,User731,17,Female,10,Reading/Writing,Text;Exercises,86
732,User732,17,Female,9,Reading/Writing,Exercises;Videos,79
733,User733,16,Male,10,Kinesthetic,Videos;Interactive,71
734,User734,14,Male,9,Visual,Text;Exercises,90
735,User735,13,Female,10,Visual,Videos;Interactive,86
736,User736,14,Male,10,Reading/Writing,Podcasts;Text,91
737,User737,13,Male,9,Auditory,Videos;Interactive,69
738,User738,16,Female,11,Kinesthetic,Videos;Interactive,62
739,User739,16,Female,8,Auditory,Exercises;Videos,86
740,User740,17,Female,11,Auditory,Videos;Interactive,94
741,User741,14,Female,9,Auditory,Text;Exercises,90
742,User742,17,Male,11,Visual,Text;Exercises,74
743,User743,14,Male,10,Reading/Writing,Podcasts;Text,75
744,User744,17,Female,8,Visual,Text;Exercises,72
745,User745,15,Male,9,Reading/Writing,Exercises;Videos,94
746,User746,15,Female,9,Kinesthetic,Podcasts;Text,70
747,User747,15,Female,9,Kinesthetic,Text;Exercises,80
748,User748,15,Male,8,Auditory,Exercises;Videos,70
749,User749,13,Female,10,Reading/Writing,Text;Exercises,89
750,User750,15,Male,9,Reading/Writing,Text;Exercises,94
751,User751,16,Male,11,Reading/Writing,Videos;Interactive,81
752,User752,16,Male,9,Auditory,Text;Exercises,97
753,User753,13,Male,9,Auditory,Text;Exercises,90
754,User754,15,Female,9,Kinesthetic,Exercises;Videos,73
755,User755,15,Male,9,Visual,Exercises;Videos,83
756,User756,15,Female,10,Reading/Writing,Videos;Interactive,91
757,User757,17,Female,11,Reading/Writing,Text;Exercises,95
758,User758,14,Female,10,Visual,Videos;Interactive,91
759,User759,17,Female,11,Reading/Writing,Text;Exercises,74
760,User760,14,Male,9,Auditory,Podcasts;Text,94
761,User761,15,Male,8,Auditory,Podcasts;Text,62
762,User762,15,Female,10,Reading/Writing,Videos;Interactive,75
763,User763,17,Female,8,Auditory,Videos;Interactive,64
764,User764,17,Male,10,Auditory,Videos;Interactive,80
765,User765,14,Female,9,Reading/Writing,Exercises;Videos,69
766,User766,16,Male,10,Kinesthetic,Exercises;Videos,78
767,User767,14,Female,9,Visual,Exercises;Videos,84
768,User768,17,Male,10,Auditory,Videos;Interactive,63
769,User769,17,Female,9,Kinesthetic,Text;Exercises,88
770,User770,13,Female,9,Auditory,Podcasts;Text,78
771,User771,17,Male,11,Auditory,Videos;Interactive,61
772,User772,13,Female,9,Visual,Exercises;Videos,69
773,User773,16,Female,11,Auditory,Exercises;Videos,84
774,User774,14,Male,9,Visual,Videos;Interactive,79
775,User775,14,Female,8,Visual,Videos;Interactive,78
776,User776,13,Male,9,Visual,Exercises;Videos,82
777,User777,14,Male,8,Kinesthetic,Text;Exercises,83
778,User778,17,Female,8,Reading/Writing,Exercises;Videos,70
779,User779,15,Female,9,Kinesthetic,Exercises;Videos,93
780,User780,13,Female,8,Reading/Writing,Videos;Interactive,87
781,User781,14,Female,11,Reading/Writing,Text;Exercises,64
782,User782,13,Female,10,Visual,Exercises;Videos,64
783,User783,13,Female,9,Auditory,Exercises;Videos,80
784,User784,15,Female,8,Visual,Podcasts;Text,71
785,User785,17,Male,9,Auditory,Videos;Interactive,63
786,User786,13,Female,11,Reading/Writing,Podcasts;Text,79
787,User787,14,Male,9,Visual,Podcasts;Text,97
788,User788,16,Female,9,Auditory,Exercises;Videos,84
789,User789,13,Female,8,Kinesthetic,Videos;Interactive,73
790,User790,13,Male,11,Auditory,Text;Exercises,70
791,User791,15,Female,10,Visual,Exercises;Videos,91
792,User792,17,Female,10,Kinesthetic,Text;Exercises,70
793,User793,16,Male,8,Auditory,Text;Exercises,77
794,User794,14,Female,9,Auditory,Videos;Interactive,86
795,User795,16,Female,8,Auditory,Podcasts;Text,77
796,User796,14,Female,8,Auditory,Videos;Interactive,82
797,User797,17,Male,8,Auditory,Text;Exercises,70
798,User798,14,Female,9,Kinesthetic,Exercises;Videos,80
799,User799,15,Female,11,Reading/Writing,Text;Exercises,64
800,User800,15,Female,8,Kinesthetic,Exercises;Videos,82
801,User801,15,Female,9,Kinesthetic,Exercises;Videos,84
802,User802,15,Male,11,Kinesthetic,Videos;Interactive,69
803,User803,16,Male,8,Reading/Writing,Text;Exercises,81
804,User804,17,Female,10,Visual,Podcasts;Text,78
805,User805,14,Female,11,Reading/Writing,Text;Exercises,60
806,User806,14,Male,8,Kinesthetic,Text;Exercises,66
807,User807,15,Male,11,Auditory,Podcasts;Text,63
808,User808,15,Female,11,Auditory,Videos;Interactive,60
809,User809,13,Male,11,Kinesthetic,Text;Exercises,74
810,User810,17,Female,11,Auditory,Text;Exercises,99
811,User811,16,Male,11,Kinesthetic,Exercises;Videos,71
812,User812,14,Male,11,Auditory,Text;Exercises,81
813,User813,13,Male,8,Reading/Writing,Podcasts;Text,81
814,User814,13,Male,10,Visual,Exercises;Videos,76
815,User815,14,Female,9,Visual,Videos;Interactive,88
816,User816,16,Male,11,Reading/Writing,Exercises;Videos,73
817,User817,13,Male,9,Reading/Writing,Podcasts;Text,79
818,User818,13,Female,8,Kinesthetic,Podcasts;Text,92
819,User819,17,Male,11,Kinesthetic,Exercises;Videos,74
820,User820,16,Male,10,Kinesthetic,Videos;Interactive,71
821,User821,13,Female,9,Auditory,Exercises;Videos,99
822,User822,16,Male,11,Kinesthetic,Videos;Interactive,79
823,User823,14,Female,8,Reading/Writing,Exercises;Videos,89
824,User824,15,Female,10,Visual,Podcasts;Text,97
825,User825,13,Female,9,Auditory,Text;Exercises,62
826,User826,17,Female,9,Kinesthetic,Text;Exercises,87
827,User827,14,Male,11,Auditory,Videos;Interactive,85
828,User828,16,Female,10,Auditory,Videos;Interactive,89
829,User829,14,Male,10,Kinesthetic,Videos;Interactive,72
830,User830,13,Male,10,Auditory,Podcasts;Text,72
831,User831,16,Male,10,Visual,Exercises;Videos,61
832,User832,15,Male,8,Reading/Writing,Podcasts;Text,96
833,User833,14,Male,10,Reading/Writing,Text;Exercises,97
834,User834,13,Male,9,Visual,Videos;Interactive,61
835,User835,17,Male,9,Auditory,Exercises;Videos,95
836,User836,16,Male,8,Kinesthetic,Text;Exercises,85
837,User837,14,Male,9,Auditory,Text;Exercises,70
838,User838,14,Male,9,Visual,Text;Exercises,67
839,User839,15,Female,10,Auditory,Podcasts;Text,99
840,User840,15,Female,9,Reading/Writing,Videos;Interactive,81
841,User841,17,Female,8,Auditory,Text;Exercises,79
842,User842,17,Male,10,Visual,Videos;Interactive,67
843,User843,13,Female,11,Reading/Writing,Podcasts;Text,88
844,User844,13,Female,10,Auditory,Text;Exercises,99
845,User845,17,Female,8,Auditory,Podcasts;Text,85
846,User846,17,Male,10,Reading/Writing,Podcasts;Text,89
847,User847,16,Male,10,Kinesthetic,Videos;Interactive,76
848,User848,15,Male,8,Reading/Writing,Text;Exercises,79
849,User849,13,Male,10,Kinesthetic,Podcasts;Text,75
850,User850,15,Female,8,Visual,Text;Exercises,66
851,User851,15,Female,8,Visual,Videos;Interactive,75
852,User852,17,Female,11,Reading/Writing,Podcasts;Text,86
853,User853,16,Female,9,Reading/Writing,Videos;Interactive,82
854,User854,14,Male,9,Visual,Text;Exercises,83
855,User855,16,Male,10,Kinesthetic,Text;Exercises,68
856,User856,16,Male,10,Visual,Videos;Interactive,94
857,User857,15,Female,11,Reading/Writing,Exercises;Videos,79
858,User858,16,Male,11,Visual,Podcasts;Text,96
859,User859,13,Male,11,Reading/Writing,Text;Exercises,76
860,User860,15,Female,8,Reading/Writing,Text;Exercises,90
861,User861,13,Female,11,Visual,Podcasts;Text,67
862,User862,14,Male,11,Kinesthetic,Videos;Interactive,74
863,User863,15,Male,10,Auditory,Videos;Interactive,90
864,User864,14,Male,11,Visual,Videos;Interactive,89
865,User865,15,Male,8,Auditory,Exercises;Videos,79
866,User866,17,Male,8,Visual,Exercises;Videos,98
867,User867,16,Male,10,Auditory,Text;Exercises,71
868,User868,17,Female,11,Kinesthetic,Videos;Interactive,76
869,User869,14,Female,11,Kinesthetic,Podcasts;Text,89
870,User870,16,Female,8,Visual,Text;Exercises,88
871,User871,15,Male,11,Reading/Writing,Podcasts;Text,78
872,User872,16,Female,11,Auditory,Text;Exercises,70
873,User873,13,Male,11,Reading/Writing,Exercises;Videos,93
874,User874,16,Male,9,Reading/Writing,Text;Exercises,66
875,User875,13,Female,10,Reading/Writing,Exercises;Videos,93
876,User876,16,Male,9,Kinesthetic,Text;Exercises,79
877,User877,13,Male,10,Visual,Videos;Interactive,97
878,User878,14,Female,8,Visual,Podcasts;Text,83
879,User879,17,Female,11,Kinesthetic,Videos;Interactive,69
880,User880,15,Female,10,Kinesthetic,Text;Exercises,91
881,User881,16,Male,9,Visual,Text;Exercises,74
882,User882,17,Female,11,Reading/Writing,Text;Exercises,96
883,User883,15,Female,8,Auditory,Exercises;Videos,79
884,User884,15,Male,10,Auditory,Podcasts;Text,62
885,User885,13,Female,10,Auditory,Podcasts;Text,96
886,User886,14,Female,10,Reading/Writing,Text;Exercises,99
887,User887,14,Female,11,Visual,Text;Exercises,67
888,User888,17,Male,9,Kinesthetic,Exercises;Videos,99
889,User889,14,Male,9,Visual,Videos;Interactive,82
890,User890,16,Male,10,Reading/Writing,Videos;Interactive,99
891,User891,14,Male,8,Kinesthetic,Podcasts;Text,70
892,User892,17,Female,8,Reading/Writing,Exercises;Videos,67
893,User893,14,Male,9,Auditory,Text;Exercises,88
894,User894,16,Male,8,Auditory,Podcasts;Text,89
895,User895,13,Female,9,Reading/Writing,Exercises;Videos,69
896,User896,17,Female,10,Kinesthetic,Videos;Interactive,98
897,User897,13,Female,9,Kinesthetic,Exercises;Videos,87
898,User898,13,Male,9,Visual,Videos;Interactive,95
899,User899,13,Male,10,Auditory,Exercises;Videos,72
900,User900,15,Male,8,Visual,Podcasts;Text,91
901,User901,15,Female,9,Visual,Videos;Interactive,95
902,User902,13,Female,9,Reading/Writing,Podcasts;Text,96
903,User903,17,Male,10,Reading/Writing,Podcasts;Text,85
904,User904,16,Female,8,Visual,Videos;Interactive,81
905,User905,16,Female,9,Auditory,Videos;Interactive,63
906,User906,14,Female,10,Reading/Writing,Text;Exercises,90
907,User907,17,Male,9,Visual,Text;Exercises,77
908,User908,15,Female,11,Visual,Text;Exercises,97
909,User909,13,Female,10,Visual,Podcasts;Text,83
910,User910,14,Male,8,Visual,Podcasts;Text,82
911,User911,16,Male,8,Visual,Text;Exercises,81
912,User912,15,Female,8,Visual,Podcasts;Text,61
913,User913,15,Female,8,Reading/Writing,Podcasts;Text,90
914,User914,13,Male,9,Auditory,Videos;Interactive,70
915,User915,16,Male,9,Visual,Videos;Interactive,87
916,User916,17,Female,8,Kinesthetic,Podcasts;Text,91
917,User917,15,Female,8,Reading/Writing,Text;Exercises,64
918,User918,13,Female,8,Reading/Writing,Exercises;Videos,97
919,User919,17,Female,9,Visual,Text;Exercises,69
920,User920,16,Male,8,Reading/Writing,Exercises;Videos,99
921,User921,15,Female,8,Visual,Text;Exercises,83
922,User922,17,Female,11,Auditory,Videos;Interactive,94
923,User923,17,Male,11,Auditory,Podcasts;Text,82
924,User924,17,Female,8,Reading/Writing,Podcasts;Text,76
925,User925,15,Male,10,Reading/Writing,Videos;Interactive,60
926,User926,15,Female,8,Kinesthetic,Exercises;Videos,90
927,User927,14,Female,11,Reading/Writing,Exercises;Videos,90
928,User928,16,Male,10,Kinesthetic,Exercises;Videos,93
929,User929,13,Male,10,Auditory,Videos;Interactive,68
930,User930,17,Female,8,Auditory,Exercises;Videos,81
931,User931,14,Female,11,Visual,Videos;Interactive,72
932,User932,13,Female,11,Auditory,Text;Exercises,84
933,User933,14,Male,10,Kinesthetic,Text;Exercises,77
934,User934,15,Female,8,Reading/Writing,Videos;Interactive,71
935,User935,17,Male,9,Visual,Podcasts;Text,99
936,User936,13,Male,9,Kinesthetic,Text;Exercises,76
937,User937,13,Female,11,Reading/Writing,Exercises;Videos,74
938,User938,13,Male,9,Visual,Videos;Interactive,74
939,User939,13,Female,11,Auditory,Exercises;Videos,74
940,User940,13,Female,11,Kinesthetic,Exercises;Videos,98
941,User941,14,Female,11,Reading/Writing,Podcasts;Text,72
942,User942,17,Female,9,Visual,Exercises;Videos,76
943,User943,15,Female,11,Visual,Podcasts;Text,91
944,User944,15,Male,10,Auditory,Text;Exercises,68
945,User945,15,Male,8,Reading/Writing,Videos;Interactive,99
946,User946,15,Female,8,Auditory,Exercises;Videos,79
947,User947,14,Female,11,Auditory,Videos;Interactive,85
948,User948,16,Male,8,Reading/Writing,Exercises;Videos,86
949,User949,17,Male,9,Reading/Writing,Videos;Interactive,80
950,User950,13,Male,9,Reading/Writing,Exercises;Videos,77
951,User951,16,Male,8,Kinesthetic,Exercises;Videos,72
952,User952,15,Female,9,Reading/Writing,Exercises;Videos,75
953,User953,16,Female,8,Visual,Exercises;Videos,68
954,User954,17,Male,8,Auditory,Exercises;Videos,71
955,User955,13,Female,8,Kinesthetic,Exercises;Videos,97
956,User956,13,Male,11,Reading/Writing,Exercises;Videos,78
957,User957,17,Female,8,Kinesthetic,Exercises;Videos,66
958,User958,17,Male,11,Reading/Writing,Exercises;Videos,94
959,User959,15,Female,8,Kinesthetic,Videos;Interactive,77
960,User960,13,Male,8,Auditory,Podcasts;Text,75
961,User961,16,Male,8,Auditory,Exercises;Videos,98
962,User962,14,Female,9,Visual,Podcasts;Text,63
963,User963,14,Male,11,Visual,Exercises;Videos,84
964,User964,17,Female,11,Reading/Writing,Exercises;Videos,91
965,User965,15,Female,8,Auditory,Videos;Interactive,99
966,User966,14,Male,8,Kinesthetic,Text;Exercises,72
967,User967,13,Female,9,Kinesthetic,Text;Exercises,76
968,User968,17,Female,9,Kinesthetic,Videos;Interactive,96
969,User969,16,Female,9,Visual,Podcasts;Text,65
970,User970,17,Female,11,Kinesthetic,Text;Exercises,78
971,User971,16,Female,11,Visual,Videos;Interactive,72
972,User972,17,Male,11,Visual,Videos;Interactive,85
973,User973,17,Female,8,Reading/Writing,Text;Exercises,73
974,User974,17,Female,11,Kinesthetic,Podcasts;Text,90
975,User975,16,Female,10,Kinesthetic,Videos;Interactive,63
976,User976,16,Female,10,Auditory,Exercises;Videos,98
977,User977,17,Female,9,Reading/Writing,Podcasts;Text,67
978,User978,14,Male,11,Auditory,Podcasts;Text,84
979,User979,15,Female,10,Reading/Writing,Text;Exercises,72
980,User980,15,Male,9,Kinesthetic,Text;Exercises,91
981,User981,15,Male,11,Visual,Exercises;Videos,97
982,User982,16,Male,8,Visual,Videos;Interactive,97
983,User983,16,Male,10,Visual,Text;Exercises,87
984,User984,14,Female,8,Visual,Text;Exercises,89
985,User985,15,Male,11,Visual,Podcasts;Text,62
986,User986,15,Male,10,Auditory,Text;Exercises,87
987,User987,17,Female,11,Reading/Writing,Text;Exercises,62
988,User988,16,Female,8,Kinesthetic,Text;Exercises,93
989,User989,15,Female,10,Auditory,Text;Exercises,75
990,User990,14,Male,8,Reading/Writing,Podcasts;Text,81
991,User991,14,Female,11,Visual,Exercises;Videos,91
992,User992,15,Female,11,Reading/Writing,Exercises;Videos,97
993,User993,16,Male,8,Reading/Writing,Videos;Interactive,67
994,User994,14,Female,10,Visual,Text;Exercises,67
995,User995,17,Female,8,Visual,Podcasts;Text,65
996,User996,14,Female,11,Visual,Videos;Interactive,73
997,User997,13,Female,8,Kinesthetic,Videos;Interactive,91
998,User998,13,Male,11,Visual,Exercises;Videos,94
999,User999,16,Female,8,Kinesthetic,Podcasts;Text,69
1000,User1000,15,Female,10,Visual,Podcasts;Text,62
